{"cameraMode":{"drawMode":0,"name":"Shaded","section":"Shading Mode"},"sceneLighting":false,"audioPlay":false,"sceneViewState":{"showFog":true,"showMaterialUpdate":false,"showSkybox":true,"showFlares":true,"showImageEffects":true,"showParticleSystems":true},"in2DMode":false,"pivot":{"x":0.884765625,"y":2.7479774951934816,"z":0.2613556683063507},"rotation":{"x":0.19232851266860963,"y":0.7978321313858032,"z":-0.32795289158821108,"w":0.4678901135921478},"size":9.517468452453614,"orthographic":true}